,status
1950,0
1951,0
1952,0
1953,0
1954,0
5755,0
5756,0
5757,0
5758,0
5759,0
9350,0
9351,0
9352,0
9353,0
9354,0
6220,0
6221,0
6222,0
6223,0
6224,0
1955,0
1956,0
1957,0
1958,0
1959,0
7175,0
7176,0
7177,0
7178,0
7179,0
5975,0
5976,0
5977,0
5978,0
5979,0
1960,0
1961,0
1962,0
1963,0
1964,0
8455,0
8456,0
8457,0
8458,0
8459,0
3195,0
3196,0
3197,0
3198,0
3199,0
1965,0
1966,0
1967,0
1968,0
1969,0
7455,0
7456,0
7457,0
7458,0
7459,0
5295,0
5296,0
5297,0
5298,0
5299,0
5925,0
5926,0
5927,0
5928,0
5929,0
7345,0
7346,0
7347,0
7348,0
7349,0
2525,0
2526,0
2527,0
2528,0
2529,0
3065,0
3066,0
3067,0
3068,0
3069,0
4780,0
4781,0
4782,0
4783,0
4784,0
9600,0
9601,0
9602,0
9603,0
9604,0
6515,0
6516,0
6517,0
6518,0
6519,0
9050,0
9051,0
9052,0
9053,0
9054,0
2395,0
2396,0
2397,0
2398,0
2399,0
4570,0
4571,0
4572,0
4573,0
4574,0
1970,0
1971,0
1972,0
1973,0
1974,0
1975,0
1976,0
1977,0
1978,0
1979,0
4735,0
4736,0
4737,0
4738,0
4739,0
1985,0
1986,0
1987,0
1988,0
1989,0
7060,0
7061,0
7062,0
7063,0
7064,0
6980,0
6981,0
6982,0
6983,0
6984,0
4265,0
4266,0
4267,0
4268,0
4269,0
1085,0
1086,0
1087,0
1088,0
1089,0
9705,0
9706,0
9707,0
9708,0
9709,0
1990,0
1991,0
1992,0
1993,0
1994,0
1995,0
1996,0
1997,0
1998,0
1999,0
5475,0
5476,0
5477,0
5478,0
5479,0
2000,0
2001,0
2002,0
2003,0
2004,0
1585,0
1586,0
1587,0
1588,0
1589,0
2845,0
2846,0
2847,0
2848,0
2849,0
9030,0
9031,0
9032,0
9033,0
9034,0
4335,0
4336,0
4337,0
4338,0
4339,0
8865,0
8866,0
8867,0
8868,0
8869,0
2005,0
2006,0
2007,0
2008,0
2009,0
10180,0
10181,0
10182,0
10183,0
10184,0
1465,0
1466,0
1467,0
1468,0
1469,0
3935,0
3936,0
3937,0
3938,0
3939,0
7735,0
7736,0
7737,0
7738,0
7739,0
4700,0
4701,0
4702,0
4703,0
4704,0
2485,0
2486,0
2487,0
2488,0
2489,0
2020,0
2021,0
2022,0
2023,0
2024,0
8505,0
8506,0
8507,0
8508,0
8509,0
2500,0
2501,0
2502,0
2503,0
2504,0
2015,0
2016,0
2017,0
2018,0
2019,0
6345,0
6346,0
6347,0
6348,0
6349,0
5060,0
5061,0
5062,0
5063,0
5064,0
6665,0
6666,0
6667,0
6668,0
6669,0
6670,0
6671,0
6672,0
6673,0
6674,0
7845,0
7846,0
7847,0
7848,0
7849,0
9990,0
9991,0
9992,0
9993,0
9994,0
2025,0
2026,0
2027,0
2028,0
2029,0
3730,0
3731,0
3732,0
3733,0
3734,0
9340,0
9341,0
9342,0
9343,0
9344,0
3805,0
3806,0
3807,0
3808,0
3809,0
2030,0
2031,0
2032,0
2033,0
2034,0
8550,0
8551,0
8552,0
8553,0
8554,0
4345,0
4346,0
4347,0
4348,0
4349,0
2040,0
2041,0
2042,0
2043,0
2044,0
9800,0
9801,0
9802,0
9803,0
9804,0
2750,0
2751,0
2752,0
2753,0
2754,0
9260,0
9261,0
9262,0
9263,0
9264,0
2045,0
2046,0
2047,0
2048,0
2049,0
4480,0
4481,0
4482,0
4483,0
4484,0
3745,0
3746,0
3747,0
3748,0
3749,0
2050,0
2051,0
2052,0
2053,0
2054,0
4160,0
4161,0
4162,0
4163,0
4164,0
4910,0
4911,0
4912,0
4913,0
4914,0
10045,0
10046,0
10047,0
10048,0
10049,0
5665,0
5666,0
5667,0
5668,0
5669,0
6675,0
6676,0
6677,0
6678,0
6679,0
8870,0
8871,0
8872,0
8873,0
8874,0
4645,0
4646,0
4647,0
4648,0
4649,0
6415,0
6416,0
6417,0
6418,0
6419,0
5585,0
5586,0
5587,0
5588,0
5589,0
2090,0
2091,0
2092,0
2093,0
2094,0
5990,0
5991,0
5992,0
5993,0
5994,0
5040,0
5041,0
5042,0
5043,0
5044,0
2055,0
2056,0
2057,0
2058,0
2059,0
2895,0
2896,0
2897,0
2898,0
2899,0
2100,0
2101,0
2102,0
2103,0
2104,0
4045,0
4046,0
4047,0
4048,0
4049,0
3070,0
3071,0
3072,0
3073,0
3074,0
2520,0
2521,0
2522,0
2523,0
2524,0
2105,0
2106,0
2107,0
2108,0
2109,0
5400,0
5401,0
5402,0
5403,0
5404,0
8180,0
8181,0
8182,0
8183,0
8184,0
7625,0
7626,0
7627,0
7628,0
7629,0
7875,0
7876,0
7877,0
7878,0
7879,0
1055,0
1056,0
1057,0
1058,0
1059,0
6095,0
6096,0
6097,0
6098,0
6099,0
4975,0
4976,0
4977,0
4978,0
4979,0
7945,0
7946,0
7947,0
7948,0
7949,0
7940,0
7941,0
7942,0
7943,0
7944,0
5165,0
5166,0
5167,0
5168,0
5169,0
2135,0
2136,0
2137,0
2138,0
2139,0
7465,0
7466,0
7467,0
7468,0
7469,0
9400,0
9401,0
9402,0
9403,0
9404,0
2140,0
2141,0
2142,0
2143,0
2144,0
2145,0
2146,0
2147,0
2148,0
2149,0
7600,0
7601,0
7602,0
7603,0
7604,0
2155,0
2156,0
2157,0
2158,0
2159,0
9660,0
9661,0
9662,0
9663,0
9664,0
7915,0
7916,0
7917,0
7918,0
7919,0
2060,0
2061,0
2062,0
2063,0
2064,0
2935,0
2936,0
2937,0
2938,0
2939,0
8330,0
8331,0
8332,0
8333,0
8334,0
6400,0
6401,0
6402,0
6403,0
6404,0
2165,0
2166,0
2167,0
2168,0
2169,0
2170,0
2171,0
2172,0
2173,0
2174,0
2065,0
2066,0
2067,0
2068,0
2069,0
2175,0
2176,0
2177,0
2178,0
2179,0
5890,0
5891,0
5892,0
5893,0
5894,0
4395,0
4396,0
4397,0
4398,0
4399,0
2835,0
2836,0
2837,0
2838,0
2839,0
2180,0
2181,0
2182,0
2183,0
2184,0
8075,0
8076,0
8077,0
8078,0
8079,0
5840,0
5841,0
5842,0
5843,0
5844,0
95,0
96,0
97,0
98,0
99,0
3525,0
3526,0
3527,0
3528,0
3529,0
6680,0
6681,0
6682,0
6683,0
6684,0
9315,0
9316,0
9317,0
9318,0
9319,0
2390,0
2391,0
2392,0
2393,0
2394,0
2200,0
2201,0
2202,0
2203,0
2204,0
5335,0
5336,0
5337,0
5338,0
5339,0
1865,0
1866,0
1867,0
1868,0
1869,0
6425,0
6426,0
6427,0
6428,0
6429,0
1175,0
1176,0
1177,0
1178,0
1179,0
8150,0
8151,0
8152,0
8153,0
8154,0
6305,0
6306,0
6307,0
6308,0
6309,0
5655,0
5656,0
5657,0
5658,0
5659,0
7430,0
7431,0
7432,0
7433,0
7434,0
7190,0
7191,0
7192,0
7193,0
7194,0
5190,0
5191,0
5192,0
5193,0
5194,0
8480,0
8481,0
8482,0
8483,0
8484,0
7015,0
7016,0
7017,0
7018,0
7019,0
8325,0
8326,0
8327,0
8328,0
8329,0
3185,0
3186,0
3187,0
3188,0
3189,0
5545,0
5546,0
5547,0
5548,0
5549,0
10000,0
10001,0
10002,0
10003,0
10004,0
8610,0
8611,0
8612,0
8613,0
8614,0
8385,0
8386,0
8387,0
8388,0
8389,0
5100,0
5101,0
5102,0
5103,0
5104,0
3190,0
3191,0
3192,0
3193,0
3194,0
6295,0
6296,0
6297,0
6298,0
6299,0
8390,0
8391,0
8392,0
8393,0
8394,0
10120,0
10121,0
10122,0
10123,0
10124,0
2225,0
2226,0
2227,0
2228,0
2229,0
5145,0
5146,0
5147,0
5148,0
5149,0
2570,0
2571,0
2572,0
2573,0
2574,0
8995,0
8996,0
8997,0
8998,0
8999,0
2435,0
2436,0
2437,0
2438,0
2439,0
3505,0
3506,0
3507,0
3508,0
3509,0
6215,0
6216,0
6217,0
6218,0
6219,0
7930,0
7931,0
7932,0
7933,0
7934,0
9920,0
9921,0
9922,0
9923,0
9924,0
7210,0
7211,0
7212,0
7213,0
7214,0
5250,0
5251,0
5252,0
5253,0
5254,0
9490,0
9491,0
9492,0
9493,0
9494,0
2125,0
2126,0
2127,0
2128,0
2129,0
5370,0
5371,0
5372,0
5373,0
5374,0
2220,0
2221,0
2222,0
2223,0
2224,0
4740,0
4741,0
4742,0
4743,0
4744,0
3265,0
3266,0
3267,0
3268,0
3269,0
4560,0
4561,0
4562,0
4563,0
4564,0
8985,0
8986,0
8987,0
8988,0
8989,0
6620,0
6621,0
6622,0
6623,0
6624,0
2245,0
2246,0
2247,0
2248,0
2249,0
7200,0
7201,0
7202,0
7203,0
7204,0
2195,0
2196,0
2197,0
2198,0
2199,0
1560,0
1561,0
1562,0
1563,0
1564,0
8005,0
8006,0
8007,0
8008,0
8009,0
7675,0
7676,0
7677,0
7678,0
7679,0
5555,0
5556,0
5557,0
5558,0
5559,0
9620,0
9621,0
9622,0
9623,0
9624,0
2230,0
2231,0
2232,0
2233,0
2234,0
8065,0
8066,0
8067,0
8068,0
8069,0
6695,0
6696,0
6697,0
6698,0
6699,0
1825,0
1826,0
1827,0
1828,0
1829,0
6960,0
6961,0
6962,0
6963,0
6964,0
1345,0
1346,0
1347,0
1348,0
1349,0
8720,0
8721,0
8722,0
8723,0
8724,0
3565,0
3566,0
3567,0
3568,0
3569,0
8095,0
8096,0
8097,0
8098,0
8099,0
8100,0
8101,0
8102,0
8103,0
8104,0
5210,0
5211,0
5212,0
5213,0
5214,0
8725,0
8726,0
8727,0
8728,0
8729,0
7130,0
7131,0
7132,0
7133,0
7134,0
9230,0
9231,0
9232,0
9233,0
9234,0
6790,0
6791,0
6792,0
6793,0
6794,0
9720,0
9721,0
9722,0
9723,0
9724,0
6490,0
6491,0
6492,0
6493,0
6494,0
10095,0
10096,0
10097,0
10098,0
10099,0
670,0
671,0
672,0
673,0
674,0
4960,0
4961,0
4962,0
4963,0
4964,0
5715,0
5716,0
5717,0
5718,0
5719,0
4925,0
4926,0
4927,0
4928,0
4929,0
6465,0
6466,0
6467,0
6468,0
6469,0
8810,0
8811,0
8812,0
8813,0
8814,0
4050,0
4051,0
4052,0
4053,0
4054,0
6110,0
6111,0
6112,0
6113,0
6114,0
6685,0
6686,0
6687,0
6688,0
6689,0
4435,0
4436,0
4437,0
4438,0
4439,0
8745,0
8746,0
8747,0
8748,0
8749,0
9525,0
9526,0
9527,0
9528,0
9529,0
9120,0
9121,0
9122,0
9123,0
9124,0
6240,0
6241,0
6242,0
6243,0
6244,0
8045,0
8046,0
8047,0
8048,0
8049,0
3780,0
3781,0
3782,0
3783,0
3784,0
9105,0
9106,0
9107,0
9108,0
9109,0
2275,0
2276,0
2277,0
2278,0
2279,0
6190,0
6191,0
6192,0
6193,0
6194,0
9665,0
9666,0
9667,0
9668,0
9669,0
7515,0
7516,0
7517,0
7518,0
7519,0
3280,0
3281,0
3282,0
3283,0
3284,0
7005,0
7006,0
7007,0
7008,0
7009,0
7010,0
7011,0
7012,0
7013,0
7014,0
3810,0
3811,0
3812,0
3813,0
3814,0
8420,0
8421,0
8422,0
8423,0
8424,0
9335,0
9336,0
9337,0
9338,0
9339,0
5720,0
5721,0
5722,0
5723,0
5724,0
10010,0
10011,0
10012,0
10013,0
10014,0
6715,0
6716,0
6717,0
6718,0
6719,0
5575,0
5576,0
5577,0
5578,0
5579,0
2280,0
2281,0
2282,0
2283,0
2284,0
8875,0
8876,0
8877,0
8878,0
8879,0
9255,0
9256,0
9257,0
9258,0
9259,0
7235,0
7236,0
7237,0
7238,0
7239,0
3030,0
3031,0
3032,0
3033,0
3034,0
9955,0
9956,0
9957,0
9958,0
9959,0
2290,0
2291,0
2292,0
2293,0
2294,0
3715,0
3716,0
3717,0
3718,0
3719,0
1185,0
1186,0
1187,0
1188,0
1189,0
7050,0
7051,0
7052,0
7053,0
7054,0
8205,0
8206,0
8207,0
8208,0
8209,0
8360,0
8361,0
8362,0
8363,0
8364,0
6020,0
6021,0
6022,0
6023,0
6024,0
4710,0
4711,0
4712,0
4713,0
4714,0
8560,0
8561,0
8562,0
8563,0
8564,0
7075,0
7076,0
7077,0
7078,0
7079,0
5635,0
5636,0
5637,0
5638,0
5639,0
2300,0
2301,0
2302,0
2303,0
2304,0
10200,0
10201,0
10202,0
10203,0
10204,0
3465,0
3466,0
3467,0
3468,0
3469,0
5025,0
5026,0
5027,0
5028,0
5029,0
8925,0
8926,0
8927,0
8928,0
8929,0
8750,0
8751,0
8752,0
8753,0
8754,0
3390,0
3391,0
3392,0
3393,0
3394,0
2305,0
2306,0
2307,0
2308,0
2309,0
2310,0
2311,0
2312,0
2313,0
2314,0
6235,0
6236,0
6237,0
6238,0
6239,0
2605,0
2606,0
2607,0
2608,0
2609,0
3475,0
3476,0
3477,0
3478,0
3479,0
5560,0
5561,0
5562,0
5563,0
5564,0
5430,0
5431,0
5432,0
5433,0
5434,0
6330,0
6331,0
6332,0
6333,0
6334,0
4750,0
4751,0
4752,0
4753,0
4754,0
2320,0
2321,0
2322,0
2323,0
2324,0
300,0
301,0
302,0
303,0
304,0
6690,0
6691,0
6692,0
6693,0
6694,0
2330,0
2331,0
2332,0
2333,0
2334,0
2335,0
2336,0
2337,0
2338,0
2339,0
2340,0
2341,0
2342,0
2343,0
2344,0
315,0
316,0
317,0
318,0
319,0
4215,0
4216,0
4217,0
4218,0
4219,0
2355,0
2356,0
2357,0
2358,0
2359,0
8730,0
8731,0
8732,0
8733,0
8734,0
9190,0
9191,0
9192,0
9193,0
9194,0
9960,0
9961,0
9962,0
9963,0
9964,0
8270,0
8271,0
8272,0
8273,0
8274,0
2360,0
2361,0
2362,0
2363,0
2364,0
6815,0
6816,0
6817,0
6818,0
6819,0
3875,0
3876,0
3877,0
3878,0
3879,0
80,0
81,0
82,0
83,0
84,0
5680,0
5681,0
5682,0
5683,0
5684,0
2515,0
2516,0
2517,0
2518,0
2519,0
2900,0
2901,0
2902,0
2903,0
2904,0
2365,0
2366,0
2367,0
2368,0
2369,0
8470,0
8471,0
8472,0
8473,0
8474,0
4630,0
4631,0
4632,0
4633,0
4634,0
8285,0
8286,0
8287,0
8288,0
8289,0
3125,0
3126,0
3127,0
3128,0
3129,0
2780,0
2781,0
2782,0
2783,0
2784,0
6065,0
6066,0
6067,0
6068,0
6069,0
7320,0
7321,0
7322,0
7323,0
7324,0
4970,0
4971,0
4972,0
4973,0
4974,0
2295,0
2296,0
2297,0
2298,0
2299,0
1445,0
1446,0
1447,0
1448,0
1449,0
3835,0
3836,0
3837,0
3838,0
3839,0
3425,0
3426,0
3427,0
3428,0
3429,0
3860,0
3861,0
3862,0
3863,0
3864,0
4365,0
4366,0
4367,0
4368,0
4369,0
6260,0
6261,0
6262,0
6263,0
6264,0
6405,0
6406,0
6407,0
6408,0
6409,0
5900,0
5901,0
5902,0
5903,0
5904,0
4495,0
4496,0
4497,0
4498,0
4499,0
9500,0
9501,0
9502,0
9503,0
9504,0
3395,1
3396,1
3397,1
3398,1
3399,1
1265,1
1266,1
1267,1
1268,1
1269,1
6570,1
6571,1
6572,1
6573,1
6574,1
3790,1
3791,1
3792,1
3793,1
3794,1
3205,1
3206,1
3207,1
3208,1
3209,1
1785,1
1786,1
1787,1
1788,1
1789,1
4675,1
4676,1
4677,1
4678,1
4679,1
6210,1
6211,1
6212,1
6213,1
6214,1
10060,1
10061,1
10062,1
10063,1
10064,1
8585,1
8586,1
8587,1
8588,1
8589,1
3250,1
3251,1
3252,1
3253,1
3254,1
2950,1
2951,1
2952,1
2953,1
2954,1
4825,1
4826,1
4827,1
4828,1
4829,1
7970,1
7971,1
7972,1
7973,1
7974,1
5600,1
5601,1
5602,1
5603,1
5604,1
75,1
76,1
77,1
78,1
79,1
10,1
11,1
12,1
13,1
14,1
4360,1
4361,1
4362,1
4363,1
4364,1
7415,1
7416,1
7417,1
7418,1
7419,1
2855,1
2856,1
2857,1
2858,1
2859,1
8000,1
8001,1
8002,1
8003,1
8004,1
4810,1
4811,1
4812,1
4813,1
4814,1
5875,1
5876,1
5877,1
5878,1
5879,1
2955,1
2956,1
2957,1
2958,1
2959,1
9390,1
9391,1
9392,1
9393,1
9394,1
3290,1
3291,1
3292,1
3293,1
3294,1
5835,1
5836,1
5837,1
5838,1
5839,1
9200,1
9201,1
9202,1
9203,1
9204,1
5465,1
5466,1
5467,1
5468,1
5469,1
9610,1
9611,1
9612,1
9613,1
9614,1
2995,1
2996,1
2997,1
2998,1
2999,1
8365,1
8366,1
8367,1
8368,1
8369,1
9395,1
9396,1
9397,1
9398,1
9399,1
10020,1
10021,1
10022,1
10023,1
10024,1
8335,1
8336,1
8337,1
8338,1
8339,1
2085,1
2086,1
2087,1
2088,1
2089,1
8085,1
8086,1
8087,1
8088,1
8089,1
9675,1
9676,1
9677,1
9678,1
9679,1
2805,1
2806,1
2807,1
2808,1
2809,1
380,1
381,1
382,1
383,1
384,1
6575,1
6576,1
6577,1
6578,1
6579,1
2240,1
2241,1
2242,1
2243,1
2244,1
50,1
51,1
52,1
53,1
54,1
4400,1
4401,1
4402,1
4403,1
4404,1
3165,1
3166,1
3167,1
3168,1
3169,1
5820,1
5821,1
5822,1
5823,1
5824,1
425,1
426,1
427,1
428,1
429,1
440,1
441,1
442,1
443,1
444,1
445,1
446,1
447,1
448,1
449,1
8520,1
8521,1
8522,1
8523,1
8524,1
585,1
586,1
587,1
588,1
589,1
465,1
466,1
467,1
468,1
469,1
480,1
481,1
482,1
483,1
484,1
485,1
486,1
487,1
488,1
489,1
9645,1
9646,1
9647,1
9648,1
9649,1
495,1
496,1
497,1
498,1
499,1
9090,1
9091,1
9092,1
9093,1
9094,1
5260,1
5261,1
5262,1
5263,1
5264,1
530,1
531,1
532,1
533,1
534,1
7975,1
7976,1
7977,1
7978,1
7979,1
690,1
691,1
692,1
693,1
694,1
7825,1
7826,1
7827,1
7828,1
7829,1
360,1
361,1
362,1
363,1
364,1
355,1
356,1
357,1
358,1
359,1
9695,1
9696,1
9697,1
9698,1
9699,1
3995,1
3996,1
3997,1
3998,1
3999,1
9205,1
9206,1
9207,1
9208,1
9209,1
590,1
591,1
592,1
593,1
594,1
620,1
621,1
622,1
623,1
624,1
9060,1
9061,1
9062,1
9063,1
9064,1
625,1
626,1
627,1
628,1
629,1
175,1
176,1
177,1
178,1
179,1
635,1
636,1
637,1
638,1
639,1
2765,1
2766,1
2767,1
2768,1
2769,1
1875,1
1876,1
1877,1
1878,1
1879,1
9240,1
9241,1
9242,1
9243,1
9244,1
2475,1
2476,1
2477,1
2478,1
2479,1
4670,1
4671,1
4672,1
4673,1
4674,1
5340,1
5341,1
5342,1
5343,1
5344,1
6535,1
6536,1
6537,1
6538,1
6539,1
4350,1
4351,1
4352,1
4353,1
4354,1
7305,1
7306,1
7307,1
7308,1
7309,1
725,1
726,1
727,1
728,1
729,1
6945,1
6946,1
6947,1
6948,1
6949,1
4690,1
4691,1
4692,1
4693,1
4694,1
5015,1
5016,1
5017,1
5018,1
5019,1
8680,1
8681,1
8682,1
8683,1
8684,1
4550,1
4551,1
4552,1
4553,1
4554,1
755,1
756,1
757,1
758,1
759,1
2130,1
2131,1
2132,1
2133,1
2134,1
9585,1
9586,1
9587,1
9588,1
9589,1
1980,1
1981,1
1982,1
1983,1
1984,1
5780,1
5781,1
5782,1
5783,1
5784,1
3735,1
3736,1
3737,1
3738,1
3739,1
9290,1
9291,1
9292,1
9293,1
9294,1
4830,1
4831,1
4832,1
4833,1
4834,1
9285,1
9286,1
9287,1
9288,1
9289,1
6355,1
6356,1
6357,1
6358,1
6359,1
5895,1
5896,1
5897,1
5898,1
5899,1
5530,1
5531,1
5532,1
5533,1
5534,1
210,1
211,1
212,1
213,1
214,1
805,1
806,1
807,1
808,1
809,1
5270,1
5271,1
5272,1
5273,1
5274,1
815,1
816,1
817,1
818,1
819,1
3575,1
3576,1
3577,1
3578,1
3579,1
5500,1
5501,1
5502,1
5503,1
5504,1
4020,1
4021,1
4022,1
4023,1
4024,1
835,1
836,1
837,1
838,1
839,1
4730,1
4731,1
4732,1
4733,1
4734,1
4940,1
4941,1
4942,1
4943,1
4944,1
4635,1
4636,1
4637,1
4638,1
4639,1
2715,1
2716,1
2717,1
2718,1
2719,1
7125,1
7126,1
7127,1
7128,1
7129,1
7395,1
7396,1
7397,1
7398,1
7399,1
5175,1
5176,1
5177,1
5178,1
5179,1
5705,1
5706,1
5707,1
5708,1
5709,1
7380,1
7381,1
7382,1
7383,1
7384,1
4325,1
4326,1
4327,1
4328,1
4329,1
9365,1
9366,1
9367,1
9368,1
9369,1
875,1
876,1
877,1
878,1
879,1
4140,1
4141,1
4142,1
4143,1
4144,1
9310,1
9311,1
9312,1
9313,1
9314,1
895,1
896,1
897,1
898,1
899,1
2480,1
2481,1
2482,1
2483,1
2484,1
4155,1
4156,1
4157,1
4158,1
4159,1
905,1
906,1
907,1
908,1
909,1
2930,1
2931,1
2932,1
2933,1
2934,1
2325,1
2326,1
2327,1
2328,1
2329,1
3055,1
3056,1
3057,1
3058,1
3059,1
955,1
956,1
957,1
958,1
959,1
960,1
961,1
962,1
963,1
964,1
4490,1
4491,1
4492,1
4493,1
4494,1
6730,1
6731,1
6732,1
6733,1
6734,1
3225,1
3226,1
3227,1
3228,1
3229,1
7310,1
7311,1
7312,1
7313,1
7314,1
10160,1
10161,1
10162,1
10163,1
10164,1
7635,1
7636,1
7637,1
7638,1
7639,1
7755,1
7756,1
7757,1
7758,1
7759,1
10005,1
10006,1
10007,1
10008,1
10009,1
4715,1
4716,1
4717,1
4718,1
4719,1
3275,1
3276,1
3277,1
3278,1
3279,1
1625,1
1626,1
1627,1
1628,1
1629,1
9700,1
9701,1
9702,1
9703,1
9704,1
4610,1
4611,1
4612,1
4613,1
4614,1
7475,1
7476,1
7477,1
7478,1
7479,1
5415,1
5416,1
5417,1
5418,1
5419,1
8600,1
8601,1
8602,1
8603,1
8604,1
1080,1
1081,1
1082,1
1083,1
1084,1
7710,1
7711,1
7712,1
7713,1
7714,1
1105,1
1106,1
1107,1
1108,1
1109,1
1100,1
1101,1
1102,1
1103,1
1104,1
9245,1
9246,1
9247,1
9248,1
9249,1
5345,1
5346,1
5347,1
5348,1
5349,1
8395,1
8396,1
8397,1
8398,1
8399,1
4865,1
4866,1
4867,1
4868,1
4869,1
7960,1
7961,1
7962,1
7963,1
7964,1
10210,1
10211,1
10212,1
10213,1
10214,1
2785,1
2786,1
2787,1
2788,1
2789,1
1915,1
1916,1
1917,1
1918,1
1919,1
6995,1
6996,1
6997,1
6998,1
6999,1
1170,1
1171,1
1172,1
1173,1
1174,1
9165,1
9166,1
9167,1
9168,1
9169,1
8645,1
8646,1
8647,1
8648,1
8649,1
3420,1
3421,1
3422,1
3423,1
3424,1
1260,1
1261,1
1262,1
1263,1
1264,1
4660,1
4661,1
4662,1
4663,1
4664,1
275,1
276,1
277,1
278,1
279,1
6775,1
6776,1
6777,1
6778,1
6779,1
9680,1
9681,1
9682,1
9683,1
9684,1
4225,1
4226,1
4227,1
4228,1
4229,1
3320,1
3321,1
3322,1
3323,1
3324,1
8775,1
8776,1
8777,1
8778,1
8779,1
1415,1
1416,1
1417,1
1418,1
1419,1
2215,1
2216,1
2217,1
2218,1
2219,1
9560,1
9561,1
9562,1
9563,1
9564,1
860,1
861,1
862,1
863,1
864,1
4845,1
4846,1
4847,1
4848,1
4849,1
9725,1
9726,1
9727,1
9728,1
9729,1
3435,1
3436,1
3437,1
3438,1
3439,1
6705,1
6706,1
6707,1
6708,1
6709,1
475,1
476,1
477,1
478,1
479,1
6600,1
6601,1
6602,1
6603,1
6604,1
3755,1
3756,1
3757,1
3758,1
3759,1
4820,1
4821,1
4822,1
4823,1
4824,1
5235,1
5236,1
5237,1
5238,1
5239,1
5105,1
5106,1
5107,1
5108,1
5109,1
7655,1
7656,1
7657,1
7658,1
7659,1
3480,1
3481,1
3482,1
3483,1
3484,1
3510,1
3511,1
3512,1
3513,1
3514,1
3705,1
3706,1
3707,1
3708,1
3709,1
7355,1
7356,1
7357,1
7358,1
7359,1
1550,1
1551,1
1552,1
1553,1
1554,1
4230,1
4231,1
4232,1
4233,1
4234,1
1475,1
1476,1
1477,1
1478,1
1479,1
5690,1
5691,1
5692,1
5693,1
5694,1
2690,1
2691,1
2692,1
2693,1
2694,1
7860,1
7861,1
7862,1
7863,1
7864,1
2965,1
2966,1
2967,1
2968,1
2969,1
1605,1
1606,1
1607,1
1608,1
1609,1
3635,1
3636,1
3637,1
3638,1
3639,1
5395,1
5396,1
5397,1
5398,1
5399,1
520,1
521,1
522,1
523,1
524,1
1620,1
1621,1
1622,1
1623,1
1624,1
8510,1
8511,1
8512,1
8513,1
8514,1
3720,1
3721,1
3722,1
3723,1
3724,1
10175,1
10176,1
10177,1
10178,1
10179,1
7840,1
7841,1
7842,1
7843,1
7844,1
2670,1
2671,1
2672,1
2673,1
2674,1
9580,1
9581,1
9582,1
9583,1
9584,1
1695,1
1696,1
1697,1
1698,1
1699,1
4815,1
4816,1
4817,1
4818,1
4819,1
1705,1
1706,1
1707,1
1708,1
1709,1
6805,1
6806,1
6807,1
6808,1
6809,1
7020,1
7021,1
7022,1
7023,1
7024,1
4905,1
4906,1
4907,1
4908,1
4909,1
5695,1
5696,1
5697,1
5698,1
5699,1
6140,1
6141,1
6142,1
6143,1
6144,1
4760,1
4761,1
4762,1
4763,1
4764,1
1730,1
1731,1
1732,1
1733,1
1734,1
2685,1
2686,1
2687,1
2688,1
2689,1
2265,1
2266,1
2267,1
2268,1
2269,1
3940,1
3941,1
3942,1
3943,1
3944,1
9380,1
9381,1
9382,1
9383,1
9384,1
3545,1
3546,1
3547,1
3548,1
3549,1
9820,1
9821,1
9822,1
9823,1
9824,1
290,1
291,1
292,1
293,1
294,1
345,1
346,1
347,1
348,1
349,1
3400,1
3401,1
3402,1
3403,1
3404,1
5490,1
5491,1
5492,1
5493,1
5494,1
1795,1
1796,1
1797,1
1798,1
1799,1
9650,1
9651,1
9652,1
9653,1
9654,1
1800,1
1801,1
1802,1
1803,1
1804,1
9300,1
9301,1
9302,1
9303,1
9304,1
1810,1
1811,1
1812,1
1813,1
1814,1
1815,1
1816,1
1817,1
1818,1
1819,1
1840,1
1841,1
1842,1
1843,1
1844,1
4440,1
4441,1
4442,1
4443,1
4444,1
8835,1
8836,1
8837,1
8838,1
8839,1
2910,1
2911,1
2912,1
2913,1
2914,1
6200,1
6201,1
6202,1
6203,1
6204,1
7680,1
7681,1
7682,1
7683,1
7684,1
7545,1
7546,1
7547,1
7548,1
7549,1
2640,1
2641,1
2642,1
2643,1
2644,1
9745,1
9746,1
9747,1
9748,1
9749,1
2160,1
2161,1
2162,1
2163,1
2164,1
6810,1
6811,1
6812,1
6813,1
6814,1
1150,1
1151,1
1152,1
1153,1
1154,1
6015,1
6016,1
6017,1
6018,1
6019,1
7230,1
7231,1
7232,1
7233,1
7234,1
6040,1
6041,1
6042,1
6043,1
6044,1
4640,1
4641,1
4642,1
4643,1
4644,1
7865,1
7866,1
7867,1
7868,1
7869,1
5135,1
5136,1
5137,1
5138,1
5139,1
4025,1
4026,1
4027,1
4028,1
4029,1
9965,1
9966,1
9967,1
9968,1
9969,1
2465,1
2466,1
2467,1
2468,1
2469,1
2115,1
2116,1
2117,1
2118,1
2119,1
3410,1
3411,1
3412,1
3413,1
3414,1
430,1
431,1
432,1
433,1
434,1
7620,1
7621,1
7622,1
7623,1
7624,1
510,1
511,1
512,1
513,1
514,1
8055,1
8056,1
8057,1
8058,1
8059,1
4790,1
4791,1
4792,1
4793,1
4794,1
4030,1
4031,1
4032,1
4033,1
4034,1
3655,1
3656,1
3657,1
3658,1
3659,1
5245,1
5246,1
5247,1
5248,1
5249,1
2185,1
2186,1
2187,1
2188,1
2189,1
7140,1
7141,1
7142,1
7143,1
7144,1
2190,1
2191,1
2192,1
2193,1
2194,1
9535,1
9536,1
9537,1
9538,1
9539,1
3675,1
3676,1
3677,1
3678,1
3679,1
2205,1
2206,1
2207,1
2208,1
2209,1
4485,1
4486,1
4487,1
4488,1
4489,1
2035,1
2036,1
2037,1
2038,1
2039,1
8635,1
8636,1
8637,1
8638,1
8639,1
7315,1
7316,1
7317,1
7318,1
7319,1
2075,1
2076,1
2077,1
2078,1
2079,1
9150,1
9151,1
9152,1
9153,1
9154,1
7790,1
7791,1
7792,1
7793,1
7794,1
790,1
791,1
792,1
793,1
794,1
8200,1
8201,1
8202,1
8203,1
8204,1
4850,1
4851,1
4852,1
4853,1
4854,1
2700,1
2701,1
2702,1
2703,1
2704,1
4220,1
4221,1
4222,1
4223,1
4224,1
5390,1
5391,1
5392,1
5393,1
5394,1
4285,1
4286,1
4287,1
4288,1
4289,1
3695,1
3696,1
3697,1
3698,1
3699,1
10135,1
10136,1
10137,1
10138,1
10139,1
2660,1
2661,1
2662,1
2663,1
2664,1
9225,1
9226,1
9227,1
9228,1
9229,1
4455,1
4456,1
4457,1
4458,1
4459,1
5625,1
5626,1
5627,1
5628,1
5629,1
9005,1
9006,1
9007,1
9008,1
9009,1
2885,1
2886,1
2887,1
2888,1
2889,1
3815,1
3816,1
3817,1
3818,1
3819,1
6245,1
6246,1
6247,1
6248,1
6249,1
2350,1
2351,1
2352,1
2353,1
2354,1
3160,1
3161,1
3162,1
3163,1
3164,1
5725,1
5726,1
5727,1
5728,1
5729,1
8115,1
8116,1
8117,1
8118,1
8119,1
6645,1
6646,1
6647,1
6648,1
6649,1
9835,1
9836,1
9837,1
9838,1
9839,1
6475,1
6476,1
6477,1
6478,1
6479,1
3595,1
3596,1
3597,1
3598,1
3599,1
